feature,pu1,pu2,value
1,4,5,0.004235
1,5,4,0.024322
1,7,5,0.032149
1,8,4,0.009313
1,4,8,0.048054
2,6,3,0.004962
2,3,6,0.025549
3,1,2,0.035459
