features,total,target,reached
0,31094.0,6218.8,6219.0
1,198.0,39.6,40.0
2,31310.0,6262.0,6262.0
4,30882.0,6176.400000000001,6177.0
5,143.0,28.6,29.0
6,21.0,4.2,5.0
7,28.0,5.6000000000000005,6.0
8,51.0,10.200000000000001,11.0
9,12.0,2.4000000000000004,3.0
10,63.0,12.600000000000001,13.0
11,1.0,0.2,1.0
12,16.0,3.2,4.0
14,1.0,0.2,1.0
